http://www.tdsystem.co.jp/2015/201509/23RUNEM/015.HTM,第１８回ルネサンスマスターズ水泳競技大会２０１５,2015年9月23日(水),千葉県国際総合水泳場(25m)
http://www.tdsystem.co.jp/2015/201509/23RUNEM/022.HTM,第１８回ルネサンスマスターズ水泳競技大会２０１５,2015年9月23日(水),千葉県国際総合水泳場(25m)
http://www.tdsystem.co.jp/2015/201509/23RUNEM/014.HTM,第１８回ルネサンスマスターズ水泳競技大会２０１５,2015年9月23日(水),千葉県国際総合水泳場(25m)
http://www.tdsystem.co.jp/2015/201509/23RUNEM/016.HTM,第１８回ルネサンスマスターズ水泳競技大会２０１５,2015年9月23日(水),千葉県国際総合水泳場(25m)
http://www.tdsystem.co.jp/2015/201509/23RUNEM/021.HTM,第１８回ルネサンスマスターズ水泳競技大会２０１５,2015年9月23日(水),千葉県国際総合水泳場(25m)
http://www.tdsystem.co.jp/2015/201509/23RUNEM/015.HTM,第１８回ルネサンスマスターズ水泳競技大会２０１５,2015年9月23日(水),千葉県国際総合水泳場(25m)
http://www.tdsystem.co.jp/2015/201509/23RUNEM/020.HTM,第１８回ルネサンスマスターズ水泳競技大会２０１５,2015年9月23日(水),千葉県国際総合水泳場(25m)
http://www.tdsystem.co.jp/2015/201509/23RUNEM/030.HTM,第１８回ルネサンスマスターズ水泳競技大会２０１５,2015年9月23日(水),千葉県国際総合水泳場(25m)
http://www.tdsystem.co.jp/2015/201509/23RUNEM/001.HTM,第１８回ルネサンスマスターズ水泳競技大会２０１５,2015年9月23日(水),千葉県国際総合水泳場(25m)
http://www.tdsystem.co.jp/2015/201509/23RUNEM/019.HTM,第１８回ルネサンスマスターズ水泳競技大会２０１５,2015年9月23日(水),千葉県国際総合水泳場(25m)
http://www.tdsystem.co.jp/2015/201509/23RUNEM/011.HTM,第１８回ルネサンスマスターズ水泳競技大会２０１５,2015年9月23日(水),千葉県国際総合水泳場(25m)
http://www.tdsystem.co.jp/2015/201509/23RUNEM/002.HTM,第１８回ルネサンスマスターズ水泳競技大会２０１５,2015年9月23日(水),千葉県国際総合水泳場(25m)
http://www.tdsystem.co.jp/2015/201509/23RUNEM/028.HTM,第１８回ルネサンスマスターズ水泳競技大会２０１５,2015年9月23日(水),千葉県国際総合水泳場(25m)
http://www.tdsystem.co.jp/2015/201509/23RUNEM/006.HTM,第１８回ルネサンスマスターズ水泳競技大会２０１５,2015年9月23日(水),千葉県国際総合水泳場(25m)
http://www.tdsystem.co.jp/2015/201509/23RUNEM/033.HTM,第１８回ルネサンスマスターズ水泳競技大会２０１５,2015年9月23日(水),千葉県国際総合水泳場(25m)
http://www.tdsystem.co.jp/2015/201509/23RUNEM/004.HTM,第１８回ルネサンスマスターズ水泳競技大会２０１５,2015年9月23日(水),千葉県国際総合水泳場(25m)
http://www.tdsystem.co.jp/2015/201509/23RUNEM/024.HTM,第１８回ルネサンスマスターズ水泳競技大会２０１５,2015年9月23日(水),千葉県国際総合水泳場(25m)
http://www.tdsystem.co.jp/2015/201509/23RUNEM/008.HTM,第１８回ルネサンスマスターズ水泳競技大会２０１５,2015年9月23日(水),千葉県国際総合水泳場(25m)
http://www.tdsystem.co.jp/2015/201509/23RUNEM/009.HTM,第１８回ルネサンスマスターズ水泳競技大会２０１５,2015年9月23日(水),千葉県国際総合水泳場(25m)
http://www.tdsystem.co.jp/2015/201509/23RUNEM/026.HTM,第１８回ルネサンスマスターズ水泳競技大会２０１５,2015年9月23日(水),千葉県国際総合水泳場(25m)
http://www.tdsystem.co.jp/2015/201509/23RUNEM/013.HTM,第１８回ルネサンスマスターズ水泳競技大会２０１５,2015年9月23日(水),千葉県国際総合水泳場(25m)
http://www.tdsystem.co.jp/2015/201509/23RUNEM/027.HTM,第１８回ルネサンスマスターズ水泳競技大会２０１５,2015年9月23日(水),千葉県国際総合水泳場(25m)
http://www.tdsystem.co.jp/2015/201509/23RUNEM/005.HTM,第１８回ルネサンスマスターズ水泳競技大会２０１５,2015年9月23日(水),千葉県国際総合水泳場(25m)
http://www.tdsystem.co.jp/2015/201509/23RUNEM/012.HTM,第１８回ルネサンスマスターズ水泳競技大会２０１５,2015年9月23日(水),千葉県国際総合水泳場(25m)
http://www.tdsystem.co.jp/2015/201509/23RUNEM/017.HTM,第１８回ルネサンスマスターズ水泳競技大会２０１５,2015年9月23日(水),千葉県国際総合水泳場(25m)
http://www.tdsystem.co.jp/2015/201509/23RUNEM/032.HTM,第１８回ルネサンスマスターズ水泳競技大会２０１５,2015年9月23日(水),千葉県国際総合水泳場(25m)
http://www.tdsystem.co.jp/2015/201509/23RUNEM/010.HTM,第１８回ルネサンスマスターズ水泳競技大会２０１５,2015年9月23日(水),千葉県国際総合水泳場(25m)
http://www.tdsystem.co.jp/2015/201509/23RUNEM/018.HTM,第１８回ルネサンスマスターズ水泳競技大会２０１５,2015年9月23日(水),千葉県国際総合水泳場(25m)
http://www.tdsystem.co.jp/2015/201509/23RUNEM/007.HTM,第１８回ルネサンスマスターズ水泳競技大会２０１５,2015年9月23日(水),千葉県国際総合水泳場(25m)
http://www.tdsystem.co.jp/2015/201509/23RUNEM/023.HTM,第１８回ルネサンスマスターズ水泳競技大会２０１５,2015年9月23日(水),千葉県国際総合水泳場(25m)
http://www.tdsystem.co.jp/2015/201509/23RUNEM/003.HTM,第１８回ルネサンスマスターズ水泳競技大会２０１５,2015年9月23日(水),千葉県国際総合水泳場(25m)
http://www.tdsystem.co.jp/2015/201509/23RUNEM/029.HTM,第１８回ルネサンスマスターズ水泳競技大会２０１５,2015年9月23日(水),千葉県国際総合水泳場(25m)
http://www.tdsystem.co.jp/2015/201509/23RUNEM/031.HTM,第１８回ルネサンスマスターズ水泳競技大会２０１５,2015年9月23日(水),千葉県国際総合水泳場(25m)
http://www.tdsystem.co.jp/2015/201509/23RUNEM/025.HTM,第１８回ルネサンスマスターズ水泳競技大会２０１５,2015年9月23日(水),千葉県国際総合水泳場(25m)
